Democrat,Republic,Election Fraud,SCOTUS,Climate,Economic,Foreign Military,Local Military,COVID,party
3.7446099999999998,3.7914075,3.779055,3.7576175000000003,3.45084,3.5410825,5.903035,4.0348749999999995,6.3728975,republican
